{"packages/cupertino_icons/assets/CupertinoIcons.ttf":["packages/cupertino_icons/assets/CupertinoIcons.ttf"],"fonts/Raleway/Raleway-Black.ttf":["fonts/Raleway/Raleway-Black.ttf"],"fonts/Raleway/Raleway-Bold.ttf":["fonts/Raleway/Raleway-Bold.ttf"],"fonts/Raleway/Raleway-Regular.ttf":["fonts/Raleway/Raleway-Regular.ttf"],"fonts/Roboto/Roboto-Bold.ttf":["fonts/Roboto/Roboto-Bold.ttf"],"fonts/Roboto/Roboto-Regular.ttf":["fonts/Roboto/Roboto-Regular.ttf"],"images/ui/arrow_right.png":["images/ui/arrow_right.png"],"images/city_buildings/citizen.png":["images/city_buildings/citizen.png"],"images/city_buildings/citizen_64.png":["images/city_buildings/citizen_64.png"],"images/resource_buildings/field.png":["images/resource_buildings/field.png"],"images/resource_buildings/field_64.png":["images/resource_buildings/field_64.png"],"images/resources/firearm.png":["images/resources/firearm.png"],"images/resources/firearm_64.png":["images/resources/firearm_64.png"],"images/resources/fish.png":["images/resources/fish.png"],"images/resources/fish_64.png":["images/resources/fish_64.png"],"images/resources/food.png":["images/resources/food.png"],"images/resources/food_64.png":["images/resources/food_64.png"],"images/resource_buildings/forest.png":["images/resource_buildings/forest.png"],"images/resource_buildings/forest_64.png":["images/resource_buildings/forest_64.png"],"images/resources/fur.png":["images/resources/fur.png"],"images/resources/fur_64.png":["images/resources/fur_64.png"],"images/resources/horse.png":["images/resources/horse.png"],"images/resources/horse_64.png":["images/resources/horse_64.png"],"images/resource_buildings/iron_mine.png":["images/resource_buildings/iron_mine.png"],"images/resource_buildings/iron_mine_64.png":["images/resource_buildings/iron_mine_64.png"],"images/resources/iron_ore.png":["images/resources/iron_ore.png"],"images/resources/iron_ore_64.png":["images/resources/iron_ore_64.png"],"images/resource_buildings/kurin.png":["images/resource_buildings/kurin.png"],"images/city_buildings/kurin.png":["images/city_buildings/kurin.png"],"images/resources/kurin.png":["images/resources/kurin.png"],"images/city_buildings/kurin_64.png":["images/city_buildings/kurin_64.png"],"images/resources/kurin_64.png":["images/resources/kurin_64.png"],"images/resource_buildings/kurin_64.png":["images/resource_buildings/kurin_64.png"],"images/resources/money.png":["images/resources/money.png"],"images/resources/money_64.png":["images/resources/money_64.png"],"images/resources/niter.png":["images/resources/niter.png"],"images/resources/niter_64.png":["images/resources/niter_64.png"],"images/resource_buildings/quarry.png":["images/resource_buildings/quarry.png"],"images/resource_buildings/quarry_64.png":["images/resource_buildings/quarry_64.png"],"images/resource_buildings/river.png":["images/resource_buildings/river.png"],"images/resource_buildings/river_64.png":["images/resource_buildings/river_64.png"],"images/resource_buildings/stable.png":["images/resource_buildings/stable.png"],"images/resource_buildings/stable_64.png":["images/resource_buildings/stable_64.png"],"images/resources/stone.png":["images/resources/stone.png"],"images/resources/stone_64.png":["images/resources/stone_64.png"],"images/resource_buildings/trappershouse.png":["images/resource_buildings/trappershouse.png"],"images/resource_buildings/trappershouse_64.png":["images/resource_buildings/trappershouse_64.png"],"images/city_buildings/wall.png":["images/city_buildings/wall.png"],"images/city_buildings/wall_64.png":["images/city_buildings/wall_64.png"],"images/city_buildings/watch_tower.png":["images/city_buildings/watch_tower.png"],"images/city_buildings/watch_tower_64.png":["images/city_buildings/watch_tower_64.png"],"images/resources/wood.png":["images/resources/wood.png"],"images/resources/wood_64.png":["images/resources/wood_64.png"]}