[{"family":"MaterialIcons","fonts":[{"asset":"fonts/MaterialIcons-Regular.ttf"}]},{"family":"Roboto","fonts":[{"asset":"fonts/Roboto/Roboto-Regular.ttf"}]},{"family":"Roboto-Bold","fonts":[{"asset":"fonts/Roboto/Roboto-Bold.ttf"}]},{"family":"Raleway","fonts":[{"asset":"fonts/Raleway/Raleway-Regular.ttf"}]},{"family":"Raleway-Bold","fonts":[{"asset":"fonts/Raleway/Raleway-Bold.ttf"}]},{"family":"Raleway-Black","fonts":[{"asset":"fonts/Raleway/Raleway-Black.ttf"}]},{"family":"packages/cupertino_icons/CupertinoIcons","fonts":[{"asset":"packages/cupertino_icons/assets/CupertinoIcons.ttf"}]}]